V[Angstroms^3]	rho[g/cm^3]	P[GPa]	Pst.dev.[GPa]	T[K]	Tst.dev.[K]	unique_id	science_material	science_formula	science_phase	science_method	data_delimiter	label	entry	drho[g/cm^3]	dP[GPa]	dT[K]	science_cristal	MDsteps	U[kJ/kg]
	8.701994482834277	10.7		298.0		miozzi2020	iron	Fe	solid	DAC		hcpfe-lowP	miozzi2020_hcpfe-lowP	0.0004082951476955	0.2	1.0	hcp		
	8.73642698255438	11.4		298.0		miozzi2020	iron	Fe	solid	DAC		hcpfe-lowP	miozzi2020_hcpfe-lowP	0.0008230653335111	0.2	1.0	hcp		
	8.758292803770635	12.0		298.0		miozzi2020	iron	Fe	solid	DAC		hcpfe-lowP	miozzi2020_hcpfe-lowP	0.0004135952400722	0.2	1.0	hcp		
	8.848550019687353	14.3		298.0		miozzi2020	iron	Fe	solid	DAC		hcpfe-lowP	miozzi2020_hcpfe-lowP	0.0004221636459774	0.2	1.0	hcp		
	8.921333802138003	16.0		298.0		miozzi2020	iron	Fe	solid	DAC		hcpfe-lowP	miozzi2020_hcpfe-lowP	0.0004291372265206	0.2	1.0	hcp		
	8.977472695321504	17.4		298.0		miozzi2020	iron	Fe	solid	DAC		hcpfe-lowP	miozzi2020_hcpfe-lowP	0.0004345550460003	0.2	1.0	hcp		
	9.026847484310666	18.9		298.0		miozzi2020	iron	Fe	solid	DAC		hcpfe-lowP	miozzi2020_hcpfe-lowP	0.0008786963383929	0.2	1.0	hcp		
	9.091451392776811	20.5		298.0		miozzi2020	iron	Fe	solid	DAC		hcpfe-lowP	miozzi2020_hcpfe-lowP	0.0004456593819988	0.2	1.0	hcp		
	9.140289212589174	21.7		298.0		miozzi2020	iron	Fe	solid	DAC		hcpfe-lowP	miozzi2020_hcpfe-lowP	0.0004504602637912	0.2	1.0	hcp		
	9.181465763002326	22.8		298.0		miozzi2020	iron	Fe	solid	DAC		hcpfe-lowP	miozzi2020_hcpfe-lowP	0.0004545280080694	0.2	1.0	hcp		
	9.237715217046716	24.3		298.0		miozzi2020	iron	Fe	solid	DAC		hcpfe-lowP	miozzi2020_hcpfe-lowP	0.0009202286414351	0.2	1.0	hcp		
	9.297453800513685	25.7		298.0		miozzi2020	iron	Fe	solid	DAC		hcpfe-lowP	miozzi2020_hcpfe-lowP	0.000466084509751	0.2	1.0	hcp		
	9.38496146203051	28.1		298.0		miozzi2020	iron	Fe	solid	DAC		hcpfe-lowP	miozzi2020_hcpfe-lowP	0.0037991950053761	0.2	1.0	hcp		
	9.419757652122858	29.4		298.0		miozzi2020	iron	Fe	solid	DAC		hcpfe-lowP	miozzi2020_hcpfe-lowP	0.0009568548582582	0.2	1.0	hcp		
	9.47074546354731	30.8		298.0		miozzi2020	iron	Fe	solid	DAC		hcpfe-lowP	miozzi2020_hcpfe-lowP	0.0009672415323032	0.2	1.0	hcp		
	9.734194531708756	41.5691		300.0		miozzi2020	iron	Fe	solid	DAC		hcpfe-highP	miozzi2020_hcpfe-highP	0.0010218017668302	0.0	1.0	hcp		
	9.62507698441263	47.5541		1759.0		miozzi2020	iron	Fe	solid	DAC		hcpfe-highP	miozzi2020_hcpfe-highP	0.0029970658522225	0.1753	47.1	hcp		
	9.727557348822351	41.7757		300.0		miozzi2020	iron	Fe	solid	DAC		hcpfe-highP	miozzi2020_hcpfe-highP	0.0020408176542163	0.0	1.0	hcp		
	9.672261194922918	52.4359		2038.0		miozzi2020	iron	Fe	solid	DAC		hcpfe-highP	miozzi2020_hcpfe-highP	0.002017681605199	0.0	51.97	hcp		
	9.63207522267707	52.917		2117.0		miozzi2020	iron	Fe	solid	DAC		hcpfe-highP	miozzi2020_hcpfe-highP	0.0015007128365635	0.0	80.27	hcp		
	9.822869996962392	46.2589		300.0		miozzi2020	iron	Fe	solid	DAC		hcpfe-highP	miozzi2020_hcpfe-highP	0.0005202515754971	0.0	1.0	hcp		
	9.713292574245676	52.2887		1818.0		miozzi2020	iron	Fe	solid	DAC		hcpfe-highP	miozzi2020_hcpfe-highP	0.0030522549201568	0.1939	45.4	hcp		
	9.695520331049554	51.6519		1485.0		miozzi2020	iron	Fe	solid	DAC		hcpfe-highP	miozzi2020_hcpfe-highP	0.0020273972149196	0.1978	65.4	hcp		
	9.76700239152388	53.3907		1519.0		miozzi2020	iron	Fe	solid	DAC		hcpfe-highP	miozzi2020_hcpfe-highP	0.0010287010786796	0.0298	56.8	hcp		
	9.773693529334263	55.0794		1632.0		miozzi2020	iron	Fe	solid	DAC		hcpfe-highP	miozzi2020_hcpfe-highP	0.0015451665571249	0.0805	167.6	hcp		
	9.759806789067357	54.8298		1752.0		miozzi2020	iron	Fe	solid	DAC		hcpfe-highP	miozzi2020_hcpfe-highP	0.0015407788437195	0.2095	134.4	hcp		
	9.79589121706264	55.4639		1922.0		miozzi2020	iron	Fe	solid	DAC		hcpfe-highP	miozzi2020_hcpfe-highP	0.0010347954594689	0.21	99.9	hcp		
	9.788136395009866	55.6605		2205.0		miozzi2020	iron	Fe	solid	DAC		hcpfe-highP	miozzi2020_hcpfe-highP	0.0015497366046564	0.2459	94.9	hcp		
	9.885699504964924	48.3045		300.0		miozzi2020	iron	Fe	solid	DAC		hcpfe-highP	miozzi2020_hcpfe-highP	0.001580784527205	0.0	1.0	hcp		
	9.734194531708756	59.3007		2503.0		miozzi2020	iron	Fe	solid	DAC		hcpfe-highP	miozzi2020_hcpfe-highP	0.0010218017668302	1.7925	117.3	hcp		
	9.729598594724946	57.3881		2338.0		miozzi2020	iron	Fe	solid	DAC		hcpfe-highP	miozzi2020_hcpfe-highP	0.0015312556806303	0.0	141.4	hcp		
	9.804176582579	57.2591		2012.0		miozzi2020	iron	Fe	solid	DAC		hcpfe-highP	miozzi2020_hcpfe-highP	0.0031096399796729	0.0	106.2	hcp		
	9.767516769151408	60.028		2575.0		miozzi2020	iron	Fe	solid	DAC		hcpfe-highP	miozzi2020_hcpfe-highP	0.0020576188685804	0.6153	137.4	hcp		
	9.76597379878084	63.3999		3188.0		miozzi2020	iron	Fe	solid	DAC		hcpfe-highP	miozzi2020_hcpfe-highP	0.0015427266282103	0.2999	198.4	hcp		
	9.77472374895367	65.4429		3399.0		miozzi2020	iron	Fe	solid	DAC		hcpfe-highP	miozzi2020_hcpfe-highP	0.0020606564243604	2.6163	220.6	hcp		
	9.828596100299254	60.2883		2486.0		miozzi2020	iron	Fe	solid	DAC		hcpfe-highP	miozzi2020_hcpfe-highP	0.0015625748967089	0.2243	117.2	hcp		
	9.844246731032216	59.3395		2375.0		miozzi2020	iron	Fe	solid	DAC		hcpfe-highP	miozzi2020_hcpfe-highP	0.0010450368079652	0.3683	116.1	hcp		
	9.819229585591218	55.1595		1892.0		miozzi2020	iron	Fe	solid	DAC		hcpfe-highP	miozzi2020_hcpfe-highP	0.0015595980917393	0.2386	115.1	hcp		
	9.807805838849651	53.8825		1578.0		miozzi2020	iron	Fe	solid	DAC		hcpfe-highP	miozzi2020_hcpfe-highP	0.0015559713123505	0.0623	102.1	hcp		
	9.825992498683284	53.9376		1450.0		miozzi2020	iron	Fe	solid	DAC		hcpfe-highP	miozzi2020_hcpfe-highP	0.0020823295361448	0.0723	132.2	hcp		
	9.836936905306406	53.0883		1324.0		miozzi2020	iron	Fe	solid	DAC		hcpfe-highP	miozzi2020_hcpfe-highP	0.0031304562125723	0.054	323.0	hcp		
	10.503800669006454	75.4026		300.0		miozzi2020	iron	Fe	solid	DAC		hcpfe-highP	miozzi2020_hcpfe-highP	34.08782839301171	0.0	1.0	hcp		
	10.3884841994425	80.9436		1441.0		miozzi2020	iron	Fe	solid	DAC		hcpfe-highP	miozzi2020_hcpfe-highP	0.0023275604547006	0.052	63.3	hcp		
	10.455245978502	85.6413		2104.0		miozzi2020	iron	Fe	solid	DAC		hcpfe-highP	miozzi2020_hcpfe-highP	0.0041257524014608	0.207	58.2	hcp		
	10.447589477954423	86.6887		2347.0		miozzi2020	iron	Fe	solid	DAC		hcpfe-highP	miozzi2020_hcpfe-highP	0.0052967724933297	0.3521	89.0	hcp		
	10.45288893719478	87.6737		2496.0		miozzi2020	iron	Fe	solid	DAC		hcpfe-highP	miozzi2020_hcpfe-highP	0.0029456374167826	0.1574	103.8	hcp		
	10.46350400071351	84.2323		1797.0		miozzi2020	iron	Fe	solid	DAC		hcpfe-highP	miozzi2020_hcpfe-highP	0.0029516231313719	0.0971	68.8	hcp		
	10.470592695345054	83.6214		1696.0		miozzi2020	iron	Fe	solid	DAC		hcpfe-highP	miozzi2020_hcpfe-highP	0.003546748499524	0.0602	96.2	hcp		
	10.44876667113504	81.9017		1448.0		miozzi2020	iron	Fe	solid	DAC		hcpfe-highP	miozzi2020_hcpfe-highP	0.0029433145552493	0.0884	134.5	hcp		
	10.442883356567958	84.317		1934.0		miozzi2020	iron	Fe	solid	DAC		hcpfe-highP	miozzi2020_hcpfe-highP	0.0029400009449797	0.2998	69.9	hcp		
	10.445824185448997	84.8394		2013.0		miozzi2020	iron	Fe	solid	DAC		hcpfe-highP	miozzi2020_hcpfe-highP	0.0041183198703544	0.0974	70.3	hcp		
	10.439944183092988	85.1048		2084.0		miozzi2020	iron	Fe	solid	DAC		hcpfe-highP	miozzi2020_hcpfe-highP	0.003526015485424	0.1054	66.4	hcp		
	10.432310069335523	85.3075		2153.0		miozzi2020	iron	Fe	solid	DAC		hcpfe-highP	miozzi2020_hcpfe-highP	0.0035208606376427	0.1582	65.0	hcp		
	10.421172580358876	86.5451		2409.0		miozzi2020	iron	Fe	solid	DAC		hcpfe-highP	miozzi2020_hcpfe-highP	0.0029277891162439	0.2869	76.8	hcp		
	10.416490222558098	86.5346		2468.0		miozzi2020	iron	Fe	solid	DAC		hcpfe-highP	miozzi2020_hcpfe-highP	0.0046802539612729	0.2565	78.5	hcp		
	10.35426576667301	86.7337		2596.0		miozzi2020	iron	Fe	solid	DAC		hcpfe-highP	miozzi2020_hcpfe-highP	0.0052025676585561	0.3335	95.6	hcp		
	10.394306361746732	86.4824		2558.0		miozzi2020	iron	Fe	solid	DAC		hcpfe-highP	miozzi2020_hcpfe-highP	0.0052428827694737	0.3254	111.2	hcp		
	10.729858745307894	87.1354		300.0		miozzi2020	iron	Fe	solid	DAC		hcpfe-highP	miozzi2020_hcpfe-highP	0.0031038064059322	0.0	1.0	hcp		
	10.666912544581985	97.5676		2064.0		miozzi2020	iron	Fe	solid	DAC		hcpfe-highP	miozzi2020_hcpfe-highP	0.0036809958743596	0.0965	104.8	hcp		
	10.676737574845832	96.4298		1857.0		miozzi2020	iron	Fe	solid	DAC		hcpfe-highP	miozzi2020_hcpfe-highP	0.0024585199642728	0.1449	11.0	hcp		
	10.7013795172031	95.7742		1766.0		miozzi2020	iron	Fe	solid	DAC		hcpfe-highP	miozzi2020_hcpfe-highP	0.0030873520042707	0.0539	87.0	hcp		
	10.703232249113976	94.7609		1568.0		miozzi2020	iron	Fe	solid	DAC		hcpfe-highP	miozzi2020_hcpfe-highP	0.0024707368996107	0.0223	119.2	hcp		
	10.69829305564415	100.1116		2345.0		miozzi2020	iron	Fe	solid	DAC		hcpfe-highP	miozzi2020_hcpfe-highP	0.0024684570963645	0.1365	66.3	hcp		
	10.690892806816173	102.0109		2657.0		miozzi2020	iron	Fe	solid	DAC		hcpfe-highP	miozzi2020_hcpfe-highP	0.0030813041292414	0.2791	81.6	hcp		
	10.685964992662305	99.3626		2206.0		miozzi2020	iron	Fe	solid	DAC		hcpfe-highP	miozzi2020_hcpfe-highP	0.0024627713742019	0.1986	110.7	hcp		
	10.687196520263166	98.7498		2371.0		miozzi2020	iron	Fe	solid	DAC		hcpfe-highP	miozzi2020_hcpfe-highP	0.0024633390619484	0.4772	69.5	hcp		
	10.68288741504792	99.632		2555.0		miozzi2020	iron	Fe	solid	DAC		hcpfe-highP	miozzi2020_hcpfe-highP	0.0024613530130863	0.1753	62.2	hcp		
	10.679196661061033	99.3403		2426.0		miozzi2020	iron	Fe	solid	DAC		hcpfe-highP	miozzi2020_hcpfe-highP	0.0018447394474107	0.1618	56.3	hcp		
	10.6571055802245	102.4882		2746.0		miozzi2020	iron	Fe	solid	DAC		hcpfe-highP	miozzi2020_hcpfe-highP	0.0030618587543022	0.4042	106.7	hcp		
	10.685964992662305	103.5536		2889.0		miozzi2020	iron	Fe	solid	DAC		hcpfe-highP	miozzi2020_hcpfe-highP	0.0024627713742019	0.2569	141.6	hcp		
	10.68288741504792	104.4787		3028.0		miozzi2020	iron	Fe	solid	DAC		hcpfe-highP	miozzi2020_hcpfe-highP	0.0030766912663579	0.2836	130.2	hcp		
	10.703232249113976	104.8809		3054.0		miozzi2020	iron	Fe	solid	DAC		hcpfe-highP	miozzi2020_hcpfe-highP	0.0024707368996107	0.3529	114.2	hcp		
	10.66139390737221	105.5185		3227.0		miozzi2020	iron	Fe	solid	DAC		hcpfe-highP	miozzi2020_hcpfe-highP	0.0036771880572679	0.3877	98.9	hcp		
	11.11770821320267	120.6177		1640.0		miozzi2020	iron	Fe	solid	DAC		hcpfe-highP	miozzi2020_hcpfe-highP	0.0026657974375261	0.1829	68.8	hcp		
	11.134394453541873	120.2584		1564.0		miozzi2020	iron	Fe	solid	DAC		hcpfe-highP	miozzi2020_hcpfe-highP	0.0026738054760261	0.1627	131.6	hcp		
	11.125043993320554	122.8694		2044.0		miozzi2020	iron	Fe	solid	DAC		hcpfe-highP	miozzi2020_hcpfe-highP	0.0026693165360975	0.3927	69.8	hcp		
	11.145769736336955	121.8227		1865.0		miozzi2020	iron	Fe	solid	DAC		hcpfe-highP	miozzi2020_hcpfe-highP	0.0020094536784261	0.3256	66.1	hcp		
	11.142421652907595	120.7461		1702.0		miozzi2020	iron	Fe	solid	DAC		hcpfe-highP	miozzi2020_hcpfe-highP	0.0020082466181269	0.0764	76.3	hcp		
	11.204350172938256	114.5921		300.0		miozzi2020	iron	Fe	solid	DAC		hcpfe-highP	miozzi2020_hcpfe-highP	0.0013537546273108	0.0	1.0	hcp		
	11.15515508316173	125.0864		2272.0		miozzi2020	iron	Fe	solid	DAC		hcpfe-highP	miozzi2020_hcpfe-highP	0.0020128392427213	0.4716	94.1	hcp		
	11.15582606993365	126.2971		2590.0		miozzi2020	iron	Fe	solid	DAC		hcpfe-highP	miozzi2020_hcpfe-highP	0.0020130813960782	0.5891	85.5	hcp		
	11.117041803791102	127.9736		2976.0		miozzi2020	iron	Fe	solid	DAC		hcpfe-highP	miozzi2020_hcpfe-highP	0.0026654778646025	1.4755	112.0	hcp		
	11.121041459054204	125.2601		2539.0		miozzi2020	iron	Fe	solid	DAC		hcpfe-highP	miozzi2020_hcpfe-highP	0.0026673961645509	0.5834	116.2	hcp		
	11.192855064130775	114.8058		300.0		miozzi2020	iron	Fe	solid	DAC		hcpfe-highP	miozzi2020_hcpfe-highP	0.0013509782817297	0.0	1.0	hcp		
	11.18542961296948	126.0385		1999.0		miozzi2020	iron	Fe	solid	DAC		hcpfe-highP	miozzi2020_hcpfe-highP	0.0020237795572588	0.1394	93.7	hcp		
	11.167245207890591	127.5697		2240.0		miozzi2020	iron	Fe	solid	DAC		hcpfe-highP	miozzi2020_hcpfe-highP	0.0020172046979571	0.2478	83.8	hcp		
	11.229450739443386	117.8332		300.0		miozzi2020	iron	Fe	solid	DAC		hcpfe-highP	miozzi2020_hcpfe-highP	0.0020397403861909	0.0	1.0	hcp		
	11.232171052122514	117.7603		300.0		miozzi2020	iron	Fe	solid	DAC		hcpfe-highP	miozzi2020_hcpfe-highP	0.0013604858348016	0.0	1.0	hcp		
	10.581708701583098	79.154		300.0		miozzi2020	iron	Fe	solid	DAC		hcpfe-highP	miozzi2020_hcpfe-highP	0.0024149503512484	0.0	1.0	hcp		
	10.586540807845594	80.4887		300.0		miozzi2020	iron	Fe	solid	DAC		hcpfe-highP	miozzi2020_hcpfe-highP	0.0018128673111214	0.0	1.0	hcp		
	10.460553209963166	84.8381		1495.0		miozzi2020	iron	Fe	solid	DAC		hcpfe-highP	miozzi2020_hcpfe-highP	0.0017699751624303	0.0	17.73	hcp		
	10.639376343084384	95.4857		1988.0		miozzi2020	iron	Fe	solid	DAC		hcpfe-highP	miozzi2020_hcpfe-highP	0.0018310078607878	0.0713	89.5	hcp		
	10.641207666110905	95.9014		2034.0		miozzi2020	iron	Fe	solid	DAC		hcpfe-highP	miozzi2020_hcpfe-highP	0.0024421843286731	0.1809	69.8	hcp		
	10.66078107792418	93.6848		1577.0		miozzi2020	iron	Fe	solid	DAC		hcpfe-highP	miozzi2020_hcpfe-highP	0.0018383826656189	0.1092	124.0	hcp		
	10.679811609619197	93.3665		1424.0		miozzi2020	iron	Fe	solid	DAC		hcpfe-highP	miozzi2020_hcpfe-highP	0.0018449519076849	0.0676	104.7	hcp		
	10.663845929890003	94.9057		1677.0		miozzi2020	iron	Fe	solid	DAC		hcpfe-highP	miozzi2020_hcpfe-highP	0.0024525864604162	0.1259	111.9	hcp		
	10.646094277747943	94.7875		1848.0		miozzi2020	iron	Fe	solid	DAC		hcpfe-highP	miozzi2020_hcpfe-highP	0.0018333208675302	0.1264	95.1	hcp		
	10.632057349956831	96.0576		2117.0		miozzi2020	iron	Fe	solid	DAC		hcpfe-highP	miozzi2020_hcpfe-highP	0.001828489569472	0.2538	83.3	hcp		
	10.632666881422171	96.6381		2247.0		miozzi2020	iron	Fe	solid	DAC		hcpfe-highP	miozzi2020_hcpfe-highP	0.0018286992285883	0.2025	101.4	hcp		
	10.619881379560638	96.1836		2254.0		miozzi2020	iron	Fe	solid	DAC		hcpfe-highP	miozzi2020_hcpfe-highP	0.0018243039474737	0.1946	80.6	hcp		
	10.61137478044667	95.0985		2315.0		miozzi2020	iron	Fe	solid	DAC		hcpfe-highP	miozzi2020_hcpfe-highP	0.0018213825575775	0.1615	73.2	hcp		
	10.604700578228996	94.8731		2421.0		miozzi2020	iron	Fe	solid	DAC		hcpfe-highP	miozzi2020_hcpfe-highP	0.0024254561331646	0.2915	65.9	hcp		
	10.587749524042186	94.8386		2522.0		miozzi2020	iron	Fe	solid	DAC		hcpfe-highP	miozzi2020_hcpfe-highP	0.0024177084030466	0.2306	72.3	hcp		
	10.598640403031428	98.4495		2812.0		miozzi2020	iron	Fe	solid	DAC		hcpfe-highP	miozzi2020_hcpfe-highP	0.0024226848169681	0.2989	141.4	hcp		
	10.675508456377536	85.9993		300.0		miozzi2020	iron	Fe	solid	DAC		hcpfe-highP	miozzi2020_hcpfe-highP	0.0018434654561176	0.0	1.0	hcp		
	10.752876183479064	87.9374		300.0		miozzi2020	iron	Fe	solid	DAC		hcpfe-highP	miozzi2020_hcpfe-highP	0.0037405645350692	0.0	1.0	hcp		
	10.802982782656509	90.7903		300.0		miozzi2020	iron	Fe	solid	DAC		hcpfe-highP	miozzi2020_hcpfe-highP	0.0025170043762014	0.0	1.0	hcp		
	10.766609103253629	97.0205		1570.0		miozzi2020	iron	Fe	solid	DAC		hcpfe-highP	miozzi2020_hcpfe-highP	0.0025000833863354	0.1191	112.4	hcp		
	10.762235734500493	98.0102		1774.0		miozzi2020	iron	Fe	solid	DAC		hcpfe-highP	miozzi2020_hcpfe-highP	0.0031225659300471	0.0842	73.6	hcp		
	10.667526079181352	86.6227		1942.0		miozzi2020	iron	Fe	solid	DAC		hcpfe-highP	miozzi2020_hcpfe-highP	0.0024542795534755	0.0	81.2	hcp		
	10.64548320586884	95.3286		2032.0		miozzi2020	iron	Fe	solid	DAC		hcpfe-highP	miozzi2020_hcpfe-highP	0.0024441472175109	0.2152	86.6	hcp		
	10.726755836474666	99.258		1937.0		miozzi2020	iron	Fe	solid	DAC		hcpfe-highP	miozzi2020_hcpfe-highP	0.0031020115200909	0.2124	87.5	hcp		
	10.636935559339696	96.5763		2187.0		miozzi2020	iron	Fe	solid	DAC		hcpfe-highP	miozzi2020_hcpfe-highP	0.0024402238034732	0.3347	104.5	hcp		
	10.766609103253629	88.4561		300.0		miozzi2020	iron	Fe	solid	DAC		hcpfe-highP	miozzi2020_hcpfe-highP	0.0025000833863354	0.0	1.0	hcp		
	10.732342365178344	99.9082		2486.0		miozzi2020	iron	Fe	solid	DAC		hcpfe-highP	miozzi2020_hcpfe-highP	0.0049683894983754	0.0	125.0	hcp		
	10.690276581511728	100.1352		2262.0		miozzi2020	iron	Fe	solid	DAC		hcpfe-highP	miozzi2020_hcpfe-highP	0.0030809489254457	0.0	107.0	hcp		
	10.700144718897304	99.7464		2238.0		miozzi2020	iron	Fe	solid	DAC		hcpfe-highP	miozzi2020_hcpfe-highP	0.0037039674789928	0.2331	137.0	hcp		
	10.852288379909124	93.7755		300.0		miozzi2020	iron	Fe	solid	DAC		hcpfe-highP	miozzi2020_hcpfe-highP	0.001270016194255	0.0	1.0	hcp		
	11.009474558509256	104.714		300.0		miozzi2020	iron	Fe	solid	DAC		hcpfe-highP	miozzi2020_hcpfe-highP	0.0013070728432279	0.0	1.0	hcp		
	11.026492771263197	106.7789		300.0		miozzi2020	iron	Fe	solid	DAC		hcpfe-highP	miozzi2020_hcpfe-highP	0.0013111168574629	0.0	1.0	hcp		
	11.004901703711324	113.1566		1735.0		miozzi2020	iron	Fe	solid	DAC		hcpfe-highP	miozzi2020_hcpfe-highP	0.0013059872668025	0.228	69.4	hcp		
	10.982744620870902	114.3473		1975.0		miozzi2020	iron	Fe	solid	DAC		hcpfe-highP	miozzi2020_hcpfe-highP	0.0019511004833666	0.1589	102.4	hcp		
	10.984696068031685	113.1931		1860.0		miozzi2020	iron	Fe	solid	DAC		hcpfe-highP	miozzi2020_hcpfe-highP	0.0026023918663898	0.2061	85.2	hcp		
	11.108385745846126	119.7219		1810.0		miozzi2020	iron	Fe	solid	DAC		hcpfe-highP	miozzi2020_hcpfe-highP	0.0019959964804467	0.3383	81.0	hcp		
	11.145099958695209	111.7739		300.0		miozzi2020	iron	Fe	solid	DAC		hcpfe-highP	miozzi2020_hcpfe-highP	0.0020092121793212	0.0	1.0	hcp		
	11.07323472521625	122.8021		2326.0		miozzi2020	iron	Fe	solid	DAC		hcpfe-highP	miozzi2020_hcpfe-highP	0.0019833843319391	1.0257	1.0	hcp		
	11.056731156113443	120.9421		2273.0		miozzi2020	iron	Fe	solid	DAC		hcpfe-highP	miozzi2020_hcpfe-highP	0.0013183177722801	0.386	64.8	hcp		
	11.046194664243416	121.4083		2445.0		miozzi2020	iron	Fe	solid	DAC		hcpfe-highP	miozzi2020_hcpfe-highP	0.0026316127848108	0.6039	83.8	hcp		
	11.052777616963466	121.2404		2430.0		miozzi2020	iron	Fe	solid	DAC		hcpfe-highP	miozzi2020_hcpfe-highP	0.0019760627443915	0.8037	92.8	hcp		
	11.15985368630164	112.3329		300.0		miozzi2020	iron	Fe	solid	DAC		hcpfe-highP	miozzi2020_hcpfe-highP	0.0013430234895362	0.0	1.0	hcp		
	11.127046341051532	125.8461		2386.0		miozzi2020	iron	Fe	solid	DAC		hcpfe-highP	miozzi2020_hcpfe-highP	0.0020027081247392	0.1027	97.8	hcp		
	8.373321838980626	-15.634802535565893		300.0		hakim2018	iron	Fe	solid	DFT		hcpfe	hakim2018_hcpfe						-28100.49566824437
	8.451579038078322	-18.18691488733296		300.0		hakim2018	iron	Fe	solid	DFT		hcpfe	hakim2018_hcpfe						-28121.704176469888
	8.531307589667481	-16.132494293963397		300.0		hakim2018	iron	Fe	solid	DFT		hcpfe	hakim2018_hcpfe						-28140.60053369118
	8.612563013596215	-14.250446775174847		300.0		hakim2018	iron	Fe	solid	DFT		hcpfe	hakim2018_hcpfe						-28157.39536288202
	8.69537388716268	-12.04689305025165		300.0		hakim2018	iron	Fe	solid	DFT		hcpfe	hakim2018_hcpfe						-28171.90248837378
	8.779793926886175	-9.711061098035875		300.0		hakim2018	iron	Fe	solid	DFT		hcpfe	hakim2018_hcpfe						-28183.87626177581
	8.865869868433377	-7.3218660205553086		300.0		hakim2018	iron	Fe	solid	DFT		hcpfe	hakim2018_hcpfe						-28193.24075538298
	8.953651555744111	-4.472585661026335		300.0		hakim2018	iron	Fe	solid	DFT		hcpfe	hakim2018_hcpfe						-28199.794513991157
	9.04319085313009	-1.9396731720949856		300.0		hakim2018	iron	Fe	solid	DFT		hcpfe	hakim2018_hcpfe						-28203.18916348754
	9.134536415284895	0.8157458252073851		300.0		hakim2018	iron	Fe	solid	DFT		hcpfe	hakim2018_hcpfe						-28203.886146791006
	9.227744816012672	4.040823008013799		300.0		hakim2018	iron	Fe	solid	DFT		hcpfe	hakim2018_hcpfe						-28201.02745746816
	9.322872237594776	7.364480331760444		300.0		hakim2018	iron	Fe	solid	DFT		hcpfe	hakim2018_hcpfe						-28194.756253298685
	9.419992031791764	10.914294140001555		300.0		hakim2018	iron	Fe	solid	DFT		hcpfe	hakim2018_hcpfe						-28184.54127551614
	9.519147904454712	14.360323682843587		300.0		hakim2018	iron	Fe	solid	DFT		hcpfe	hakim2018_hcpfe						-28170.51792460603
	9.62041417434174	18.5035481129674		300.0		hakim2018	iron	Fe	solid	DFT		hcpfe	hakim2018_hcpfe						-28152.3519306351
	9.72385894153398	22.49352836610978		300.0		hakim2018	iron	Fe	solid	DFT		hcpfe	hakim2018_hcpfe						-28129.515795982566
	9.829554039968706	26.64992417845424		300.0		hakim2018	iron	Fe	solid	DFT		hcpfe	hakim2018_hcpfe						-28102.376935467404
	9.937567395109138	31.44618896794131		300.0		hakim2018	iron	Fe	solid	DFT		hcpfe	hakim2018_hcpfe						-28070.113543445717
	10.04798580343975	36.210782189826936		300.0		hakim2018	iron	Fe	solid	DFT		hcpfe	hakim2018_hcpfe						-28032.61842792448
	10.160887196686009	41.66222898367486		300.0		hakim2018	iron	Fe	solid	DFT		hcpfe	hakim2018_hcpfe						-27989.57165826953
	10.276348685900404	46.940951602527946		300.0		hakim2018	iron	Fe	solid	DFT		hcpfe	hakim2018_hcpfe						-27940.38414844571
	10.39447043211771	52.44557794467539		300.0		hakim2018	iron	Fe	solid	DFT		hcpfe	hakim2018_hcpfe						-27885.454812646047
	10.515334844170091	58.81503518660264		300.0		hakim2018	iron	Fe	solid	DFT		hcpfe	hakim2018_hcpfe						-27823.781076273703
	10.639046705953	65.0411546421216		300.0		hakim2018	iron	Fe	solid	DFT		hcpfe	hakim2018_hcpfe						-27755.139152436772
	10.765702285348116	72.31716878063001		300.0		hakim2018	iron	Fe	solid	DFT		hcpfe	hakim2018_hcpfe						-27679.27304961902
	10.895407915836524	79.2664798094533		300.0		hakim2018	iron	Fe	solid	DFT		hcpfe	hakim2018_hcpfe						-27595.119545103986
	11.028281916908476	86.4675260385907		300.0		hakim2018	iron	Fe	solid	DFT		hcpfe	hakim2018_hcpfe						-27503.571200611204
	11.164431857349642	94.95477683045584		300.0		hakim2018	iron	Fe	solid	DFT		hcpfe	hakim2018_hcpfe						-27402.949379477708
	11.30398652451786	103.7335697352624		300.0		hakim2018	iron	Fe	solid	DFT		hcpfe	hakim2018_hcpfe						-27293.061324113314
	11.447074202492905	112.93767208471242		300.0		hakim2018	iron	Fe	solid	DFT		hcpfe	hakim2018_hcpfe						-27173.07888201376
	11.593836145450243	122.32301561514348		300.0		hakim2018	iron	Fe	solid	DFT		hcpfe	hakim2018_hcpfe						-27042.91883829375
	11.744403595158587	132.0955246786716		300.0		hakim2018	iron	Fe	solid	DFT		hcpfe	hakim2018_hcpfe						-26901.940156404075
	11.89893555931468	143.41457824293025		300.0		hakim2018	iron	Fe	solid	DFT		hcpfe	hakim2018_hcpfe						-26749.574671521863
	12.057588384979203	155.4426051015347		300.0		hakim2018	iron	Fe	solid	DFT		hcpfe	hakim2018_hcpfe						-26583.981078400924
	12.220526748043522	167.39158462473517		300.0		hakim2018	iron	Fe	solid	DFT		hcpfe	hakim2018_hcpfe						-26405.44240159401
	12.387929119735103	180.07635220954202		300.0		hakim2018	iron	Fe	solid	DFT		hcpfe	hakim2018_hcpfe						-26212.964058867947
	12.559984018899245	194.2849743920699		300.0		hakim2018	iron	Fe	solid	DFT		hcpfe	hakim2018_hcpfe						-26005.901487614057
	12.736889432864322	209.3317928057245		300.0		hakim2018	iron	Fe	solid	DFT		hcpfe	hakim2018_hcpfe						-25782.32523118257
	12.91884140893562	224.5372696865388		300.0		hakim2018	iron	Fe	solid	DFT		hcpfe	hakim2018_hcpfe						-25542.276426906286
	13.106072739498613	241.3193341857824		300.0		hakim2018	iron	Fe	solid	DFT		hcpfe	hakim2018_hcpfe						-25284.38249955464
	13.29880527367511	259.3282731662439		300.0		hakim2018	iron	Fe	solid	DFT		hcpfe	hakim2018_hcpfe						-25007.301668120934
	13.497298179661756	277.9607490767281		300.0		hakim2018	iron	Fe	solid	DFT		hcpfe	hakim2018_hcpfe						-24709.8242611274
	13.70180462292734	297.9787903092595		300.0		hakim2018	iron	Fe	solid	DFT		hcpfe	hakim2018_hcpfe						-24391.10238015504
	13.912592806630396	319.8740242355409		300.0		hakim2018	iron	Fe	solid	DFT		hcpfe	hakim2018_hcpfe						-24049.109719636625
	14.1299821985094	342.27235996413253		300.0		hakim2018	iron	Fe	solid	DFT		hcpfe	hakim2018_hcpfe						-23682.420813582845
	14.354273006347016	367.3176734244871		300.0		hakim2018	iron	Fe	solid	DFT		hcpfe	hakim2018_hcpfe						-23289.94258531475
	14.58579067871181	393.3624113033335		300.0		hakim2018	iron	Fe	solid	DFT		hcpfe	hakim2018_hcpfe						-22868.452221672156
	14.824898999126455	421.3385602489216		300.0		hakim2018	iron	Fe	solid	DFT		hcpfe	hakim2018_hcpfe						-22417.97064393405
	15.071982940199147	451.2906588341253		300.0		hakim2018	iron	Fe	solid	DFT		hcpfe	hakim2018_hcpfe						-21934.41468181167
	15.327438932938916	483.5420461975662		300.0		hakim2018	iron	Fe	solid	DFT		hcpfe	hakim2018_hcpfe						-21417.469576241987
	15.591703705827788	517.7905981133636		300.0		hakim2018	iron	Fe	solid	DFT		hcpfe	hakim2018_hcpfe						-20862.61845236246
	15.86524690964453	554.5227430844485		300.0		hakim2018	iron	Fe	solid	DFT		hcpfe	hakim2018_hcpfe						-20269.56653205265
	16.14855759515529	594.4010590262258		300.0		hakim2018	iron	Fe	solid	DFT		hcpfe	hakim2018_hcpfe						-19633.12087839221
	16.44215978745781	635.7778713325549		300.0		hakim2018	iron	Fe	solid	DFT		hcpfe	hakim2018_hcpfe						-18952.32287490965
	16.746649279866133	681.741607228581		300.0		hakim2018	iron	Fe	solid	DFT		hcpfe	hakim2018_hcpfe						-18222.74943973947
	17.06262215768325	732.1559135632133		300.0		hakim2018	iron	Fe	solid	DFT		hcpfe	hakim2018_hcpfe						-17440.245706197456
	17.390750190768554	784.3895333779504		300.0		hakim2018	iron	Fe	solid	DFT		hcpfe	hakim2018_hcpfe						-16600.34322387565
	17.731743505067787	840.1876044755836		300.0		hakim2018	iron	Fe	solid	DFT		hcpfe	hakim2018_hcpfe						-15701.169658209456
	18.086376479010184	903.1101601049312		300.0		hakim2018	iron	Fe	solid	DFT		hcpfe	hakim2018_hcpfe						-14735.971205812042
	18.455492353418094	969.5201934650406		300.0		hakim2018	iron	Fe	solid	DFT		hcpfe	hakim2018_hcpfe						-13699.042241547078
	18.83997413770641	1039.8936128546138		300.0		hakim2018	iron	Fe	solid	DFT		hcpfe	hakim2018_hcpfe						-12586.550885234929
	19.240825390756285	1117.882305732913		300.0		hakim2018	iron	Fe	solid	DFT		hcpfe	hakim2018_hcpfe						-11391.874267620042
	19.65910499200654	1202.058961461751		300.0		hakim2018	iron	Fe	solid	DFT		hcpfe	hakim2018_hcpfe						-10106.89893895866
	20.095981286971785	1294.077735022015		300.0		hakim2018	iron	Fe	solid	DFT		hcpfe	hakim2018_hcpfe						-8725.084304594106
	20.552702434347456	1393.5950210749131		300.0		hakim2018	iron	Fe	solid	DFT		hcpfe	hakim2018_hcpfe						-7236.453747979337
	21.03067322217541	1500.130704771576		300.0		hakim2018	iron	Fe	solid	DFT		hcpfe	hakim2018_hcpfe						-5634.087035981963
	21.531404570696232	1618.4210583681815		300.0		hakim2018	iron	Fe	solid	DFT		hcpfe	hakim2018_hcpfe						-3907.014145169396
	22.056554116294688	1746.85500195262		300.0		hakim2018	iron	Fe	solid	DFT		hcpfe	hakim2018_hcpfe						-2042.793277282512
	22.60797304903572	1888.4527706437584		300.0		hakim2018	iron	Fe	solid	DFT		hcpfe	hakim2018_hcpfe						-29.82559596289345
	23.18766155115147	2041.8169586379177		300.0		hakim2018	iron	Fe	solid	DFT		hcpfe	hakim2018_hcpfe						2147.950073689949
	23.79785980619597	2210.4978309406024		300.0		hakim2018	iron	Fe	solid	DFT		hcpfe	hakim2018_hcpfe						4502.865046952165
	24.44105110965088	2398.46682747258		300.0		hakim2018	iron	Fe	solid	DFT		hcpfe	hakim2018_hcpfe						7056.680717278292
	25.11997560037134	2617.2792504159347		300.0		hakim2018	iron	Fe	solid	DFT		hcpfe	hakim2018_hcpfe						9827.563078614245
	25.83768015090757	2817.269721437048		300.0		hakim2018	iron	Fe	solid	DFT		hcpfe	hakim2018_hcpfe						12837.601682506933
	26.07892506415218	2875.639011764686		300.0		hakim2018	iron	Fe	solid	DFT		hcpfe	hakim2018_hcpfe						13855.490927548848
	26.392179926014105	2980.804305749881		300.0		hakim2018	iron	Fe	solid	DFT		hcpfe	hakim2018_hcpfe						15189.499677484158
	26.71305749350364	3087.8902579528667		300.0		hakim2018	iron	Fe	solid	DFT		hcpfe	hakim2018_hcpfe						16571.265182168918
	27.04183942841516	3201.3898334030737		300.0		hakim2018	iron	Fe	solid	DFT		hcpfe	hakim2018_hcpfe						18002.814804987356
	27.37879748544967	3317.5681711350685		300.0		hakim2018	iron	Fe	solid	DFT		hcpfe	hakim2018_hcpfe						19486.96844865808
	27.724277335529003	3433.9949130934983		300.0		hakim2018	iron	Fe	solid	DFT		hcpfe	hakim2018_hcpfe						21024.16075809128
	28.07858119924184	3562.9074992796905		300.0		hakim2018	iron	Fe	solid	DFT		hcpfe	hakim2018_hcpfe						22616.97844634119
	28.442051515106375	3702.022347635626		300.0		hakim2018	iron	Fe	solid	DFT		hcpfe	hakim2018_hcpfe						24270.964705005437
	28.815075209020225	3837.971860527765		300.0		hakim2018	iron	Fe	solid	DFT		hcpfe	hakim2018_hcpfe						25987.94027070133
	29.197986262745165	3984.52112098877		300.0		hakim2018	iron	Fe	solid	DFT		hcpfe	hakim2018_hcpfe						27768.16524867421
	29.59123203825824	4140.728152963289		300.0		hakim2018	iron	Fe	solid	DFT		hcpfe	hakim2018_hcpfe						29618.608766650068
	29.99520071367258	4299.77637853494		300.0		hakim2018	iron	Fe	solid	DFT		hcpfe	hakim2018_hcpfe						31539.767410561937
	30.41036648914428	4468.150923931508		300.0		hakim2018	iron	Fe	solid	DFT		hcpfe	hakim2018_hcpfe						33535.96259435349
	30.83717865039543	4639.838792191044		300.0		hakim2018	iron	Fe	solid	DFT		hcpfe	hakim2018_hcpfe						35609.687590673726
	31.27612641621626	4820.551416284904		300.0		hakim2018	iron	Fe	solid	DFT		hcpfe	hakim2018_hcpfe						37763.62255296543
	31.727783087951977	5019.486438100082		300.0		hakim2018	iron	Fe	solid	DFT		hcpfe	hakim2018_hcpfe						40003.7329765491
	32.19265903063259	5220.782842844916		300.0		hakim2018	iron	Fe	solid	DFT		hcpfe	hakim2018_hcpfe						42336.120109814176
	32.671343223097075	5434.900192787231		300.0		hakim2018	iron	Fe	solid	DFT		hcpfe	hakim2018_hcpfe						44761.10118002446
	33.16451288816112	5663.591681652284		300.0		hakim2018	iron	Fe	solid	DFT		hcpfe	hakim2018_hcpfe						47288.870478811376
	33.672772225547014	5894.061309077526		300.0		hakim2018	iron	Fe	solid	DFT		hcpfe	hakim2018_hcpfe						49920.21396354607
	34.19686192243699	6145.969283178056		300.0		hakim2018	iron	Fe	solid	DFT		hcpfe	hakim2018_hcpfe						52661.56162835498
	34.73752362095319	6413.453885068542		300.0		hakim2018	iron	Fe	solid	DFT		hcpfe	hakim2018_hcpfe						55521.70956696957
	35.29554601795656	6693.230774993388		300.0		hakim2018	iron	Fe	solid	DFT		hcpfe	hakim2018_hcpfe						58505.76456308504
	35.87182006270489	6987.460713113114		300.0		hakim2018	iron	Fe	solid	DFT		hcpfe	hakim2018_hcpfe						61621.339366774686
	36.467213593704166	7299.418951448502		300.0		hakim2018	iron	Fe	solid	DFT		hcpfe	hakim2018_hcpfe						64874.662987099866
	37.08268318718437	7635.703836768976		300.0		hakim2018	iron	Fe	solid	DFT		hcpfe	hakim2018_hcpfe						68275.7331969311
	37.71928440653453	7989.16048115763		300.0		hakim2018	iron	Fe	solid	DFT		hcpfe	hakim2018_hcpfe						71834.5012252156
	38.37814810202051	8370.008428322342		300.0		hakim2018	iron	Fe	solid	DFT		hcpfe	hakim2018_hcpfe						75560.0691096283
	39.060414100216455	8781.53897415587		300.0		hakim2018	iron	Fe	solid	DFT		hcpfe	hakim2018_hcpfe						79467.27142853639
	39.76741496752101	9226.569213445404		300.0		hakim2018	iron	Fe	solid	DFT		hcpfe	hakim2018_hcpfe						83568.96887536801
	40.50044200627971	9709.126064133256		300.0		hakim2018	iron	Fe	solid	DFT		hcpfe	hakim2018_hcpfe						87882.7023923139
	41.26098648209979	10229.127247854609		300.0		hakim2018	iron	Fe	solid	DFT		hcpfe	hakim2018_hcpfe						92424.01482438175
	42.05068403144776	10790.839476615918		300.0		hakim2018	iron	Fe	solid	DFT		hcpfe	hakim2018_hcpfe						97212.52678026073
	42.87118490223017	11393.966133577174		300.0		hakim2018	iron	Fe	solid	DFT		hcpfe	hakim2018_hcpfe						102265.86606055852
	43.72435778787411	12039.277447022105		300.0		hakim2018	iron	Fe	solid	DFT		hcpfe	hakim2018_hcpfe						107604.6317538812
	44.612162006917245	12741.901140835773		300.0		hakim2018	iron	Fe	solid	DFT		hcpfe	hakim2018_hcpfe						113249.04906959136
	45.53674983306622	13500.991344961782		300.0		hakim2018	iron	Fe	solid	DFT		hcpfe	hakim2018_hcpfe						119226.87298734262
	46.25576797559314	14106.558522511605		300.0		hakim2018	iron	Fe	solid	DFT		hcpfe	hakim2018_hcpfe						123942.2743338988
	46.997839119586615	14749.435520131734		300.0		hakim2018	iron	Fe	solid	DFT		hcpfe	hakim2018_hcpfe						128870.83738444764
	47.76409000749145	15428.320223081328		300.0		hakim2018	iron	Fe	solid	DFT		hcpfe	hakim2018_hcpfe						134024.53650008576
	48.55577853791545	16146.617661891583		300.0		hakim2018	iron	Fe	solid	DFT		hcpfe	hakim2018_hcpfe						139417.5581704623
	49.374134355970206	16909.239471661218		300.0		hakim2018	iron	Fe	solid	DFT		hcpfe	hakim2018_hcpfe						145063.21689216886
	50.220527936502144	17724.02615666329		300.0		hakim2018	iron	Fe	solid	DFT		hcpfe	hakim2018_hcpfe						150978.23791358492
	51.09648788001568	18583.374747600403		300.0		hakim2018	iron	Fe	solid	DFT		hcpfe	hakim2018_hcpfe						157179.97200504242
	52.00350451886177	19497.578196632552		300.0		hakim2018	iron	Fe	solid	DFT		hcpfe	hakim2018_hcpfe						163683.90759282585
	52.94332649212975	20475.617838910737		300.0		hakim2018	iron	Fe	solid	DFT		hcpfe	hakim2018_hcpfe						170511.94088314736
	53.91774312435712	21514.044719180187		300.0		hakim2018	iron	Fe	solid	DFT		hcpfe	hakim2018_hcpfe						177684.60150135698
	54.928724471016864	22631.54491653551		300.0		hakim2018	iron	Fe	solid	DFT		hcpfe	hakim2018_hcpfe						185225.25225699728
	55.97831793224648	23822.36994792207		300.0		hakim2018	iron	Fe	solid	DFT		hcpfe	hakim2018_hcpfe						193161.21712843503
	57.068778623410175	25089.82455854923		300.0		hakim2018	iron	Fe	solid	DFT		hcpfe	hakim2018_hcpfe						201516.4346122436
	58.20259488999222	26459.71548036497		300.0		hakim2018	iron	Fe	solid	DFT		hcpfe	hakim2018_hcpfe						210322.8922454914
	59.38237665908648	27930.25687247937		300.0		hakim2018	iron	Fe	solid	DFT		hcpfe	hakim2018_hcpfe						219614.74209213397
	60.61097696050171	29496.94430051069		300.0		hakim2018	iron	Fe	solid	DFT		hcpfe	hakim2018_hcpfe						229426.00728008215
	61.89155113643868	31178.51926751629		300.0		hakim2018	iron	Fe	solid	DFT		hcpfe	hakim2018_hcpfe						239793.25780587163
	63.22727680256639	33006.62906017058		300.0		hakim2018	iron	Fe	solid	DFT		hcpfe	hakim2018_hcpfe						250759.65832690924
	64.6220287894316	34988.05347786561		300.0		hakim2018	iron	Fe	solid	DFT		hcpfe	hakim2018_hcpfe						262378.4067690452
	66.07966853656164	37120.08660607565		300.0		hakim2018	iron	Fe	solid	DFT		hcpfe	hakim2018_hcpfe						274700.33307794365
	67.60454744758239	39433.29968143469		300.0		hakim2018	iron	Fe	solid	DFT		hcpfe	hakim2018_hcpfe						287781.4435637583
	69.20154264065117	41960.872263789046		300.0		hakim2018	iron	Fe	solid	DFT		hcpfe	hakim2018_hcpfe						301689.35042511224
	70.87577351098949	44707.19054115662		300.0		hakim2018	iron	Fe	solid	DFT		hcpfe	hakim2018_hcpfe						316491.94195060944
	71.45199931189185	45693.80806590238		300.0		hakim2018	iron	Fe	solid	DFT		hcpfe	hakim2018_hcpfe						321637.89702940953
	72.03771290029198	46692.58828896349		300.0		hakim2018	iron	Fe	solid	DFT		hcpfe	hakim2018_hcpfe						326895.043510585
	72.63306624496865	47698.07744984765		300.0		hakim2018	iron	Fe	solid	DFT		hcpfe	hakim2018_hcpfe						332266.29685294366
	73.23829929468913	48734.86974666079		300.0		hakim2018	iron	Fe	solid	DFT		hcpfe	hakim2018_hcpfe						337752.60450710874
	73.85370360816212	49821.54243557963		300.0		hakim2018	iron	Fe	solid	DFT		hcpfe	hakim2018_hcpfe						343360.19066322106
	74.4796264013788	50905.50100718287		300.0		hakim2018	iron	Fe	solid	DFT		hcpfe	hakim2018_hcpfe						349092.4048372788
	75.11620440480938	52045.80265583358		300.0		hakim2018	iron	Fe	solid	DFT		hcpfe	hakim2018_hcpfe						354949.54110216873
	75.76375789105774	53207.13048155976		300.0		hakim2018	iron	Fe	solid	DFT		hcpfe	hakim2018_hcpfe						360939.5246163572
	76.42252651294862	54393.98239645845		300.0		hakim2018	iron	Fe	solid	DFT		hcpfe	hakim2018_hcpfe						367060.7527883836
	77.09289913961113	55633.23310500181		300.0		hakim2018	iron	Fe	solid	DFT		hcpfe	hakim2018_hcpfe						373322.10422166425
	77.77518509170528	56889.887206203		300.0		hakim2018	iron	Fe	solid	DFT		hcpfe	hakim2018_hcpfe						379724.9789946137
	78.46960638716693	58205.29650157383		300.0		hakim2018	iron	Fe	solid	DFT		hcpfe	hakim2018_hcpfe						386274.0038774496
	79.17653977804231	59546.14913206672		300.0		hakim2018	iron	Fe	solid	DFT		hcpfe	hakim2018_hcpfe						392974.4132970083
	79.89632650329725	60924.84400592883		300.0		hakim2018	iron	Fe	solid	DFT		hcpfe	hakim2018_hcpfe						399829.002356095
	80.62926838158322	62343.206129197264		300.0		hakim2018	iron	Fe	solid	DFT		hcpfe	hakim2018_hcpfe						406842.9219140776
	81.37583519600747	63796.6098251997		300.0		hakim2018	iron	Fe	solid	DFT		hcpfe	hakim2018_hcpfe						414020.4762247912
	82.1364643268019	65317.89675214485		300.0		hakim2018	iron	Fe	solid	DFT		hcpfe	hakim2018_hcpfe						421368.2323282928
	82.9112822204028	66874.46765717254		300.0		hakim2018	iron	Fe	solid	DFT		hcpfe	hakim2018_hcpfe						428890.02774647233
	83.70091347964475	68470.14187406031		300.0		hakim2018	iron	Fe	solid	DFT		hcpfe	hakim2018_hcpfe						436591.156731505
	84.50567289800257	70128.93203744295		300.0		hakim2018	iron	Fe	solid	DFT		hcpfe	hakim2018_hcpfe						444477.2823608274
	85.32611576486352	71826.90045480483		300.0		hakim2018	iron	Fe	solid	DFT		hcpfe	hakim2018_hcpfe						452555.2202613184
	86.16276436954648	73594.61422612547		300.0		hakim2018	iron	Fe	solid	DFT		hcpfe	hakim2018_hcpfe						460830.9620210738
	87.01586163958464	75423.86207090558		300.0		hakim2018	iron	Fe	solid	DFT		hcpfe	hakim2018_hcpfe						469310.87169700686
	87.88595915362697	77294.7401520013		300.0		hakim2018	iron	Fe	solid	DFT		hcpfe	hakim2018_hcpfe						478000.29325868416
	88.77369611477472	79236.62464495323		300.0		hakim2018	iron	Fe	solid	DFT		hcpfe	hakim2018_hcpfe						486907.471089964
	89.6795501567622	81250.18724159869		300.0		hakim2018	iron	Fe	solid	DFT		hcpfe	hakim2018_hcpfe						496039.6202020744
	90.60401601204028	83312.85830916345		300.0		hakim2018	iron	Fe	solid	DFT		hcpfe	hakim2018_hcpfe						505403.5283660599
	91.54787411836143	85452.41718488376		300.0		hakim2018	iron	Fe	solid	DFT		hcpfe	hakim2018_hcpfe						515007.3600418842
	92.51153595118627	87680.71198491368		300.0		hakim2018	iron	Fe	solid	DFT		hcpfe	hakim2018_hcpfe						524859.7427779321
	93.49563138424774	89982.09543222177		300.0		hakim2018	iron	Fe	solid	DFT		hcpfe	hakim2018_hcpfe						534968.6858878
	94.50095999489598	92362.87733021707		300.0		hakim2018	iron	Fe	solid	DFT		hcpfe	hakim2018_hcpfe						545345.0516152073
	95.52821647133366	94816.4470400988		300.0		hakim2018	iron	Fe	solid	DFT		hcpfe	hakim2018_hcpfe						555997.4481152087
	96.57797709189776	97381.11711594228		300.0		hakim2018	iron	Fe	solid	DFT		hcpfe	hakim2018_hcpfe						566934.2338983016
	97.65106572625218	100035.8404111728		300.0		hakim2018	iron	Fe	solid	DFT		hcpfe	hakim2018_hcpfe						578168.8713202066
	98.7482687119404	102777.45148668798		300.0		hakim2018	iron	Fe	solid	DFT		hcpfe	hakim2018_hcpfe						589709.9010708916
	99.87040812912156	105646.14359732164		300.0		hakim2018	iron	Fe	solid	DFT		hcpfe	hakim2018_hcpfe						601570.2772841819
	101.01834385474363	108584.31144058064		300.0		hakim2018	iron	Fe	solid	DFT		hcpfe	hakim2018_hcpfe						613762.2143279045
	102.19305920160048	111667.5709819193		300.0		hakim2018	iron	Fe	solid	DFT		hcpfe	hakim2018_hcpfe						626295.7299559058
	103.39516064678168	114863.39355138392		300.0		hakim2018	iron	Fe	solid	DFT		hcpfe	hakim2018_hcpfe						639186.6728395815
	104.62605438742077	118180.02925923649		300.0		hakim2018	iron	Fe	solid	DFT		hcpfe	hakim2018_hcpfe						652447.0905644047
	105.88660819310272	121630.84964032508		300.0		hakim2018	iron	Fe	solid	DFT		hcpfe	hakim2018_hcpfe						666095.548861287
	107.17799896783778	125204.2951315306		300.0		hakim2018	iron	Fe	solid	DFT		hcpfe	hakim2018_hcpfe						680142.5496112482
	108.50118414028022	128951.75915814083		300.0		hakim2018	iron	Fe	solid	DFT		hcpfe	hakim2018_hcpfe						694607.0454708636
	109.85744894203371	132840.0260497009		300.0		hakim2018	iron	Fe	solid	DFT		hcpfe	hakim2018_hcpfe						709505.241007892
	111.24795067791382	136910.4771628624		300.0		hakim2018	iron	Fe	solid	DFT		hcpfe	hakim2018_hcpfe						724855.6980746177
